email,name,company
info@portmanestate.co.uk,,Portman Estate
neighbourhood@hackney.gov.uk,,Hackney Council
office@elevateestatesltd.com,,Elevate Estates Ltd
contact@fireestatesmanager.co.uk,,Fire Estates Manager
facilities.management@admin.cam.ac.uk,Facilities Management,University of Cambridge
info@premierestates.co.uk,,Premier Estates
estatesmgtcorp@aol.com,,Estates Mgt Corp
rex@estates-managers.com,Rex,Estates Managers
service@miamiestatemanager.com,,Miami Estate Manager
info@estatemanagerscoalition.com,,Estate Managers Coalition
sd@stephemg.com,SD,Stephe MG
eric@legacyestatemgmt.com,Eric,Legacy Estate Mgmt
info@estateproperties.com,,Estate Properties
italianestatespropertymgmt@gmail.com,Italian Estates Property Mgmt,Italian Estates Property Mgmt
info@gardnercompany.com,,Gardner Company
info@renmgt.com,,REN Mgt
support@aetrust.com,,AE Trust
usa@ninetyone.com,,Ninety One
original@company.com,,Company
estatesandfacilities@manchester.ac.uk,Estates and Facilities,University of Manchester
financialservices@fremontbank.com,,Fremont Bank
